prompt_idx,prompt,model_seed,gamma,amplification,step_to_watermark,match_percent,perplexity,z_score,source_file
1,Write a short story about a cat.,1,0.025,100,1,0.047244094488188976,9.56772232055664,1.6056255837029345,prompts.txt
2,Write a short story about a prince who saves a princess from a dragon.,1,0.025,100,1,0.05511811023622047,9.000472068786621,2.173988622181849,prompts.txt
3,Explain the concept of photosynthesis in simple terms.,1,0.025,100,1,0.06837606837606838,10.190848350524902,3.005182170397282,prompts.txt
4,What are the benefits of renewable energy?,1,0.025,100,1,0.07894736842105263,31.997865676879883,2.1300497672111374,prompts.txt
5,Describe the process of making bread from scratch.,1,0.025,100,1,0.07086614173228346,6.870574951171875,3.310714699139679,prompts.txt
6,Write a poem about the ocean.,1,0.025,100,1,0.03125,27.175575256347656,0.4529108136578382,prompts.txt
7,Explain how a computer processor works.,1,0.025,100,1,0.0390625,8.194714546203613,1.019049330730136,prompts.txt
8,What are the main causes of climate change?,1,0.025,100,1,0.06666666666666667,5.966585636138916,2.311250817605121,prompts.txt
9,Describe your ideal vacation destination.,1,0.025,100,1,0.045454545454545456,13.122673988342285,1.3740858372430333,prompts.txt
10,Write a creative story about a robot learning to feel emotions.,1,0.025,100,1,0.0380952380952381,11.45317268371582,0.8594799233872417,prompts.txt
11,Explain the theory of relativity in layman's terms.,1,0.025,100,1,0.03125,9.405157089233398,0.4529108136578382,prompts.txt
12,What are the key principles of good leadership?,1,0.025,100,1,0.04,74.01744079589844,0.48038446141526137,prompts.txt
13,Describe the life cycle of a butterfly.,1,0.025,100,1,0.07086614173228346,9.633563995361328,3.310714699139679,prompts.txt
14,Write a dialogue between two characters meeting for the first time.,1,0.025,100,1,0.06666666666666667,7.354880332946777,2.7347088471412233,prompts.txt
15,Explain the importance of biodiversity.,1,0.025,100,1,0.045871559633027525,11.349736213684082,1.3957120879378748,prompts.txt
16,What are the pros and cons of social media?,1,0.025,100,1,0.03225806451612903,18.26133155822754,0.448321933248046,prompts.txt
17,Describe the process of evolution by natural selection.,1,0.025,100,1,0.0546875,12.046398162841797,2.151326364874732,prompts.txt
18,Write a story about time travel.,1,0.025,100,1,0.07086614173228346,9.88509464263916,3.310714699139679,prompts.txt
19,Explain how vaccines work to protect us from diseases.,1,0.025,100,1,0.046875,12.615220069885254,1.585187847802434,prompts.txt
20,What are the characteristics of a healthy diet?,1,0.025,100,1,0.03937007874015748,7.569851875305176,1.0372625452240196,prompts.txt
21,Describe the water cycle.,1,0.025,100,1,0.05511811023622047,9.703639030456543,2.173988622181849,prompts.txt
22,Write a creative story about a magical library.,1,0.025,100,1,0.03389830508474576,12.899170875549316,0.6191216388163044,prompts.txt
23,Explain the concept of artificial intelligence.,1,0.025,100,1,0.038834951456310676,9.827342987060547,0.8993400617545201,prompts.txt
24,What are the main causes of economic inequality?,1,0.025,100,1,0.046875,11.614322662353516,1.585187847802434,prompts.txt
25,Describe the structure and function of DNA.,1,0.025,100,1,0.05555555555555555,10.4331636428833,2.0339007194925065,prompts.txt
26,Write a poem about friendship.,1,0.025,100,1,0.047244094488188976,32.24055480957031,1.6056255837029345,prompts.txt
27,Explain how the internet works.,1,0.025,100,1,0.046296296296296294,8.465154647827148,1.4175671681311408,prompts.txt
28,What are the benefits and drawbacks of remote work?,1,0.025,100,1,0.0390625,9.800982475280762,1.019049330730136,prompts.txt
29,Describe the process of metamorphosis.,1,0.025,100,1,0.09615384615384616,7.138954162597656,4.647749768357825,prompts.txt
30,Write a story about an alien visiting Earth.,1,0.025,100,1,0.047619047619047616,10.200550079345703,1.4845562313052354,prompts.txt
31,Explain the concept of sustainable development.,1,0.025,100,1,0.05511811023622047,8.119017601013184,2.173988622181849,prompts.txt
32,What are the key elements of effective communication?,1,0.025,100,1,0.046875,9.84977912902832,1.585187847802434,prompts.txt
33,Describe the formation of mountains.,1,0.025,100,1,0.06976744186046512,26.068273544311523,2.659127685483387,prompts.txt
34,Write a creative story about a detective solving a mystery.,1,0.025,100,1,0.046875,7.408712863922119,1.585187847802434,prompts.txt
35,Explain how solar panels convert sunlight to electricity.,1,0.025,100,1,0.056074766355140186,6.750378131866455,2.0588629984516893,prompts.txt
36,What are the main factors that influence climate?,1,0.025,100,1,0.05555555555555555,67.03590393066406,0.830336491706037,prompts.txt
37,Describe the human digestive system.,1,0.025,100,1,0.04716981132075472,10.650293350219727,1.4619839923887563,prompts.txt
38,Write a story about a character overcoming their fears.,1,0.025,100,1,0.047244094488188976,11.58719253540039,1.6056255837029345,prompts.txt
39,Explain the concept of supply and demand in economics.,1,0.025,100,1,0.08571428571428572,6.6198930740356445,3.984861462977211,prompts.txt
40,What are the benefits of exercise for mental health?,1,0.025,100,1,0.058823529411764705,10.090349197387695,1.9973587385891403,prompts.txt
41,Describe the process of photosynthesis in detail.,1,0.025,100,1,0.03937007874015748,8.929105758666992,1.0372625452240196,prompts.txt
42,Write a poem about the changing seasons.,1,0.025,100,1,0.07017543859649122,28.656944274902344,3.0894593919054865,prompts.txt
43,Explain how the human brain processes information.,1,0.025,100,1,0.08490566037735849,6.458333492279053,3.950467383688767,prompts.txt
44,What are the main challenges facing renewable energy adoption?,1,0.025,100,1,0.0546875,8.625985145568848,2.151326364874732,prompts.txt
45,Describe the life cycle of a star.,1,0.025,100,1,0.06140350877192982,12.618083953857422,2.4895643643510232,prompts.txt
46,Write a story about a character discovering a hidden talent.,1,0.025,100,1,0.0546875,11.885213851928711,2.151326364874732,prompts.txt
47,Explain the concept of democracy and its principles.,1,0.025,100,1,0.058823529411764705,6.668949604034424,2.1879968731106727,prompts.txt
48,What are the environmental impacts of plastic pollution?,1,0.025,100,1,0.046875,11.777544021606445,1.585187847802434,prompts.txt
49,Describe the process of cellular respiration.,1,0.025,100,1,0.04716981132075472,8.504719734191895,1.4619839923887563,prompts.txt
50,Write a creative story about a parallel universe.,1,0.025,100,1,0.046875,8.242317199707031,1.585187847802434,prompts.txt
51,Explain how antibiotics work to fight bacterial infections.,1,0.025,100,1,0.044642857142857144,9.53670883178711,1.3315005718713653,prompts.txt
52,What are the key factors that contribute to happiness?,1,0.025,100,1,0.14285714285714285,11.599796295166016,1.997250857807048,prompts.txt
53,Describe the structure of an atom.,1,0.025,100,1,0.05660377358490566,9.897324562072754,2.084104840213759,prompts.txt
54,Write a story about a character learning a valuable life lesson.,1,0.025,100,1,0.031496062992125984,8.617719650268555,0.4688995067451046,prompts.txt
55,Explain the concept of renewable vs non-renewable resources.,1,0.025,100,1,0.0392156862745098,8.609655380249023,0.9195928886986884,prompts.txt
56,What are the main causes of deforestation?,1,0.025,100,1,0.058823529411764705,82.0785903930664,0.8932459829877099,prompts.txt
57,Describe the process of protein synthesis.,1,0.025,100,1,0.061946902654867256,13.011646270751953,2.5156194615330696,prompts.txt
58,Write a poem about hope and resilience.,1,0.025,100,1,0.03937007874015748,25.333786010742188,1.0372625452240196,prompts.txt
59,Explain how the immune system protects the body.,1,0.025,100,1,0.03125,8.57945728302002,0.4529108136578382,prompts.txt
60,What are the benefits of learning a second language?,1,0.025,100,1,0.06382978723404255,30.62200355529785,1.7050677009147388,prompts.txt
61,Describe the formation of clouds and precipitation.,1,0.025,100,1,0.03773584905660377,7.7558369636535645,0.8398631445637535,prompts.txt
62,Write a story about a character finding their true purpose.,1,0.025,100,1,0.03937007874015748,8.828455924987793,1.0372625452240196,prompts.txt
63,Explain the concept of quantum mechanics in simple terms.,1,0.025,100,1,0.047244094488188976,9.36816120147705,1.6056255837029345,prompts.txt
64,What are the benefits of meditation for health?,1,0.025,100,1,0.047619047619047616,7.3293137550354,1.4845562313052354,prompts.txt
65,Describe the process of photosynthesis using light and chlorophyll.,1,0.025,100,1,0.0625,8.117752075195312,2.7174648819470297,prompts.txt
66,Write a poem about the night sky.,1,0.025,100,1,0.03937007874015748,15.533041954040527,1.0372625452240196,prompts.txt
67,Explain how the circulatory system works.,1,0.025,100,1,0.05660377358490566,8.216769218444824,2.084104840213759,prompts.txt
68,What are the effects of global warming on ecosystems?,1,0.025,100,1,0.0546875,9.506208419799805,2.151326364874732,prompts.txt
69,Describe the rock cycle.,1,0.025,100,1,0.047244094488188976,9.027230262756348,1.6056255837029345,prompts.txt
70,Write a creative story about a talking tree.,1,0.025,100,1,0.06299212598425197,13.372883796691895,2.742351660660764,prompts.txt
71,Explain how blockchain technology works.,1,0.025,100,1,0.04807692307692308,8.802127838134766,1.5073783032511863,prompts.txt
72,What are the advantages of teamwork?,1,0.025,100,1,0.05263157894736842,14.003996849060059,1.091001100278875,prompts.txt
73,Describe the process of fossil formation.,1,0.025,100,1,0.05333333333333334,28.957508087158203,1.5716505559714824,prompts.txt
74,Write a story about a character lost in a dream world.,1,0.025,100,1,0.056074766355140186,9.373739242553711,2.0588629984516893,prompts.txt
75,Explain the concept of probability in everyday life.,1,0.025,100,1,0.045871559633027525,6.135263919830322,1.3957120879378748,prompts.txt
76,What are the benefits of eating fruits and vegetables?,1,0.025,100,1,0.06741573033707865,7.157953262329102,2.563006103797143,prompts.txt
77,Describe how thunderstorms form.,1,0.025,100,1,0.04950495049504951,10.3756685256958,1.5774013355336958,prompts.txt
78,Write a poem about love.,1,0.025,100,1,0.0390625,19.48029136657715,1.019049330730136,prompts.txt
79,Explain how the nervous system controls the body.,1,0.025,100,1,0.05454545454545454,5.621608257293701,1.9847906537954927,prompts.txt
80,What are the consequences of overfishing?,1,0.025,100,1,0.04854368932038835,8.35073471069336,1.5304558945647098,prompts.txt
81,Describe the process of germination.,1,0.025,100,1,0.04950495049504951,11.118406295776367,1.5774013355336958,prompts.txt
82,Write a story about a secret door to another world.,1,0.025,100,1,0.03937007874015748,10.254483222961426,1.0372625452240196,prompts.txt
83,Explain the concept of machine learning.,1,0.025,100,1,0.0390625,9.301870346069336,1.019049330730136,prompts.txt
84,What are the causes and effects of air pollution?,1,0.025,100,1,0.04081632653061224,15.172126770019531,0.7091389668511001,prompts.txt
85,Describe how earthquakes occur.,1,0.025,100,1,0.04950495049504951,12.91954517364502,1.5774013355336958,prompts.txt
86,Write a creative story about a forgotten city.,1,0.025,100,1,0.06299212598425197,10.558727264404297,2.742351660660764,prompts.txt
87,Explain how recycling helps the environment.,1,0.025,100,1,0.0390625,8.155314445495605,1.019049330730136,prompts.txt
88,What are the benefits of physical fitness?,1,0.025,100,1,0.07758620689655173,6.138271808624268,3.6276763040453206,prompts.txt
89,Describe the water filtration process.,1,0.025,100,1,0.05660377358490566,7.029325008392334,2.084104840213759,prompts.txt
90,Write a poem about courage.,1,0.025,100,1,0.0546875,23.97372817993164,2.151326364874732,prompts.txt
91,Explain the concept of gravity in simple terms.,1,0.025,100,1,0.06930693069306931,12.319648742675781,2.8520690814195104,prompts.txt
92,What are the effects of desertification?,1,0.025,100,1,0.045454545454545456,33.4502067565918,0.6145098677990269,prompts.txt
93,Describe the process of volcanic eruption.,1,0.025,100,1,0.04716981132075472,11.163719177246094,1.4619839923887563,prompts.txt
94,Write a story about an unlikely friendship.,1,0.025,100,1,0.0392156862745098,15.644617080688477,0.9195928886986884,prompts.txt
95,Explain how renewable energy reduces carbon emissions.,1,0.025,100,1,0.06666666666666667,18.503183364868164,2.311250817605121,prompts.txt
96,What are the impacts of urbanization?,1,0.025,100,1,0.07142857142857142,19.71565818786621,1.5735915849388862,prompts.txt
97,Describe the function of the respiratory system.,1,0.025,100,1,0.03937007874015748,8.709080696105957,1.0372625452240196,prompts.txt
98,Write a creative story about a cursed object.,1,0.025,100,1,0.047244094488188976,8.934176445007324,1.6056255837029345,prompts.txt
99,Explain the importance of critical thinking.,1,0.025,100,1,0.05511811023622047,9.775640487670898,2.173988622181849,prompts.txt
100,What are the pros and cons of space exploration?,1,0.025,100,1,0.0625,19.799728393554688,2.7174648819470297,prompts.txt
101,Write a story about a cat who discovers a secret passage in the house.,1,0.025,100,1,0.07086614173228346,11.123298645019531,3.310714699139679,prompts.txt
102,Write a story about a child who finds a magical key.,1,0.025,100,1,0.047244094488188976,13.09842300415039,1.6056255837029345,prompts.txt
103,Write a story about a prince who saves a princess from a dragon.,1,0.025,100,1,0.0594059405940594,8.530134201049805,2.214735208476603,prompts.txt
104,Write a story about a girl who can talk to animals.,1,0.025,100,1,0.031496062992125984,9.205470085144043,0.4688995067451046,prompts.txt
105,Write a story about a robot learning to feel emotions.,1,0.025,100,1,0.047244094488188976,9.87027359008789,1.6056255837029345,prompts.txt
106,Write a story about a boy who travels to the center of the Earth.,1,0.025,100,1,0.05511811023622047,10.086098670959473,2.173988622181849,prompts.txt
107,Write a story about a character who wakes up in a parallel universe.,1,0.025,100,1,0.0546875,9.10251235961914,2.151326364874732,prompts.txt
108,Write a story about a detective solving a mystery in a futuristic city.,1,0.025,100,1,0.047244094488188976,11.259943008422852,1.6056255837029345,prompts.txt
109,Write a story about an alien visiting Earth for the first time.,1,0.025,100,1,0.07086614173228346,9.038161277770996,3.310714699139679,prompts.txt
110,Write a story about a magical library that grants wishes.,1,0.025,100,1,0.03937007874015748,9.193618774414062,1.0372625452240196,prompts.txt
111,Write a story about a secret door to another world.,1,0.025,100,1,0.03937007874015748,10.254483222961426,1.0372625452240196,prompts.txt
112,Write a story about a character discovering a hidden talent.,1,0.025,100,1,0.0546875,11.885213851928711,2.151326364874732,prompts.txt
113,Write a story about a character overcoming their fears.,1,0.025,100,1,0.047244094488188976,11.58719253540039,1.6056255837029345,prompts.txt
114,Write a story about a character finding their true purpose.,1,0.025,100,1,0.03937007874015748,8.828455924987793,1.0372625452240196,prompts.txt
115,Write a story about a cursed object that changes lives.,1,0.025,100,1,0.0390625,11.18392562866211,1.019049330730136,prompts.txt
116,Write a story about an unlikely friendship between two very different beings.,1,0.025,100,1,0.038461538461538464,15.559039115905762,0.8793040102298587,prompts.txt
117,Write a story about a talking tree in an enchanted forest.,1,0.025,100,1,0.047244094488188976,11.932052612304688,1.6056255837029345,prompts.txt
118,Write a story about a forgotten city lost under the ocean.,1,0.025,100,1,0.0546875,8.54517936706543,2.151326364874732,prompts.txt
119,Write a story about a time traveler who accidentally changes history.,1,0.025,100,1,0.0390625,9.7108736038208,1.019049330730136,prompts.txt
120,Write a story about a dream that becomes reality.,1,0.025,100,1,0.0594059405940594,11.606854438781738,2.214735208476603,prompts.txt
121,Write a story about two characters meeting for the first time.,1,0.025,100,1,0.07,12.725774765014648,2.8823067684915684,prompts.txt
122,Write a story about a character learning a valuable life lesson.,1,0.025,100,1,0.031496062992125984,8.617719650268555,0.4688995067451046,prompts.txt
123,Write a story about a hero who doesn’t want to be a hero.,1,0.025,100,1,0.031496062992125984,8.459125518798828,0.4688995067451046,prompts.txt
124,Write a story about a thief who steals something magical.,1,0.025,100,1,0.0390625,11.525161743164062,1.019049330730136,prompts.txt
125,Write a story about a kingdom where everyone can fly.,1,0.025,100,1,0.031496062992125984,9.418265342712402,0.4688995067451046,prompts.txt
126,Write a story about a witch who wants to be good.,1,0.025,100,1,0.047244094488188976,6.484340190887451,1.6056255837029345,prompts.txt
127,Write a story about a knight who befriends a dragon.,1,0.025,100,1,0.047244094488188976,9.98137378692627,1.6056255837029345,prompts.txt
128,Write a story about a musician whose songs control the weather.,1,0.025,100,1,0.047244094488188976,12.17961597442627,1.6056255837029345,prompts.txt
129,Write a story about a painter whose art comes to life.,1,0.025,100,1,0.057692307692307696,12.498117446899414,2.135452596272514,prompts.txt
130,Write a story about a scientist who accidentally creates life.,1,0.025,100,1,0.046875,9.387018203735352,1.585187847802434,prompts.txt
131,Write a story about a secret society hidden in plain sight.,1,0.025,100,1,0.03937007874015748,9.903894424438477,1.0372625452240196,prompts.txt
132,Write a story about a city that only appears at night.,1,0.025,100,1,0.05511811023622047,9.155316352844238,2.173988622181849,prompts.txt
133,Write a story about a shapeshifter who loses control.,1,0.025,100,1,0.0390625,11.350895881652832,1.019049330730136,prompts.txt
134,Write a story about a character who can stop time.,1,0.025,100,1,0.0390625,11.1533784866333,1.019049330730136,prompts.txt
135,Write a story about a person who wakes up with no memory.,1,0.025,100,1,0.03125,4.820101261138916,0.4529108136578382,prompts.txt
136,Write a story about a magical carnival that appears once a century.,1,0.025,100,1,0.03937007874015748,12.151287078857422,1.0372625452240196,prompts.txt
137,Write a story about a lonely ghost searching for a friend.,1,0.025,100,1,0.04950495049504951,14.20538330078125,1.5774013355336958,prompts.txt
138,Write a story about a mountain that moves once every hundred years.,1,0.025,100,1,0.047619047619047616,11.661670684814453,1.4845562313052354,prompts.txt
139,Write a story about a ship that sails through the sky.,1,0.025,100,1,0.09,12.303014755249023,4.163331998932265,prompts.txt
140,Write a story about a cursed mirror.,1,0.025,100,1,0.04807692307692308,11.931512832641602,1.5073783032511863,prompts.txt
141,Write a story about a prince who doesn’t want the throne.,1,0.025,100,1,0.047244094488188976,8.194878578186035,1.6056255837029345,prompts.txt
142,Write a story about a magical garden hidden beneath the city.,1,0.025,100,1,0.03937007874015748,9.503182411193848,1.0372625452240196,prompts.txt
143,Write a story about a child who grows up with mythical creatures.,1,0.025,100,1,0.03937007874015748,10.335799217224121,1.0372625452240196,prompts.txt
144,Write a story about a mysterious traveler who knows everyone’s secrets.,1,0.025,100,1,0.05825242718446602,16.396392822265625,2.1615717273748993,prompts.txt
145,Write a story about a lighthouse keeper who guards more than ships.,1,0.025,100,1,0.03937007874015748,10.381379127502441,1.0372625452240196,prompts.txt
146,Write a story about a girl who inherits a haunted house.,1,0.025,100,1,0.046875,9.154581069946289,1.585187847802434,prompts.txt
147,Write a story about a boy who becomes friends with the moon.,1,0.025,100,1,0.03937007874015748,11.42309856414795,1.0372625452240196,prompts.txt
148,Write a story about a magical festival that grants one wish per person.,1,0.025,100,1,0.05102040816326531,13.720902442932129,1.6498893926106966,prompts.txt
149,Write a story about a secret hidden in an ancient book.,1,0.025,100,1,0.03937007874015748,12.58039379119873,1.0372625452240196,prompts.txt
150,Explain the concept of photosynthesis in simple terms.,1,0.025,100,1,0.06837606837606838,10.190848350524902,3.005182170397282,prompts.txt
151,Describe the process of photosynthesis in detail.,1,0.025,100,1,0.03937007874015748,8.929105758666992,1.0372625452240196,prompts.txt
152,Describe the process of photosynthesis using light and chlorophyll.,1,0.025,100,1,0.0625,8.117752075195312,2.7174648819470297,prompts.txt
153,Explain how the water cycle works.,1,0.025,100,1,0.037037037037037035,10.550058364868164,0.8012336167697752,prompts.txt
154,Describe the formation of mountains.,1,0.025,100,1,0.06976744186046512,26.068273544311523,2.659127685483387,prompts.txt
155,Describe how earthquakes occur.,1,0.025,100,1,0.04950495049504951,12.91954517364502,1.5774013355336958,prompts.txt
156,Describe the process of volcanic eruption.,1,0.025,100,1,0.04716981132075472,11.163719177246094,1.4619839923887563,prompts.txt
157,Explain the rock cycle.,1,0.025,100,1,0.037037037037037035,9.790209770202637,0.8012336167697752,prompts.txt
158,Describe the formation of clouds and precipitation.,1,0.025,100,1,0.03773584905660377,7.7558369636535645,0.8398631445637535,prompts.txt
159,Explain the life cycle of a butterfly.,1,0.025,100,1,0.07086614173228346,9.778939247131348,3.310714699139679,prompts.txt
160,Describe the process of metamorphosis.,1,0.025,100,1,0.09615384615384616,7.138954162597656,4.647749768357825,prompts.txt
161,Describe the process of germination.,1,0.025,100,1,0.04950495049504951,11.118406295776367,1.5774013355336958,prompts.txt
162,Explain how thunderstorms form.,1,0.025,100,1,0.03937007874015748,8.332831382751465,1.0372625452240196,prompts.txt
163,Explain the process of fossil formation.,1,0.025,100,1,0.03937007874015748,9.151657104492188,1.0372625452240196,prompts.txt
164,Describe the process of cellular respiration.,1,0.025,100,1,0.04716981132075472,8.504719734191895,1.4619839923887563,prompts.txt
165,Describe the process of protein synthesis.,1,0.025,100,1,0.061946902654867256,13.011646270751953,2.5156194615330696,prompts.txt
166,Explain how DNA stores genetic information.,1,0.025,100,1,0.043859649122807015,6.1745405197143555,1.2897743092420961,prompts.txt
167,Describe the structure and function of DNA.,1,0.025,100,1,0.05555555555555555,10.4331636428833,2.0339007194925065,prompts.txt
168,Explain how the circulatory system works.,1,0.025,100,1,0.05660377358490566,8.216769218444824,2.084104840213759,prompts.txt
169,Describe the function of the respiratory system.,1,0.025,100,1,0.03937007874015748,8.709080696105957,1.0372625452240196,prompts.txt
170,Explain how the nervous system controls the body.,1,0.025,100,1,0.05454545454545454,5.621608257293701,1.9847906537954927,prompts.txt
171,Explain how the immune system protects the body.,1,0.025,100,1,0.03125,8.57945728302002,0.4529108136578382,prompts.txt
172,Explain the process of digestion.,1,0.025,100,1,0.037383177570093455,11.701642036437988,0.8204491647965377,prompts.txt
173,Describe the human digestive system.,1,0.025,100,1,0.04716981132075472,10.650293350219727,1.4619839923887563,prompts.txt
174,Explain the process of water filtration.,1,0.025,100,1,0.03937007874015748,6.024404048919678,1.0372625452240196,prompts.txt
175,Describe how renewable energy reduces carbon emissions.,1,0.025,100,1,0.05357142857142857,8.168375015258789,1.9367281045401676,prompts.txt
176,Explain how solar panels convert sunlight into electricity.,1,0.025,100,1,0.05555555555555555,6.775020122528076,2.0339007194925065,prompts.txt
177,Explain how antibiotics fight bacterial infections.,1,0.025,100,1,0.047244094488188976,9.877720832824707,1.6056255837029345,prompts.txt
178,Explain how vaccines protect us from diseases.,1,0.025,100,1,0.0594059405940594,9.944727897644043,2.214735208476603,prompts.txt
179,Explain how the human brain processes information.,1,0.025,100,1,0.08490566037735849,6.458333492279053,3.950467383688767,prompts.txt
180,Describe the life cycle of a star.,1,0.025,100,1,0.06140350877192982,12.618083953857422,2.4895643643510232,prompts.txt
181,Explain the concept of quantum mechanics in simple terms.,1,0.025,100,1,0.047244094488188976,9.36816120147705,1.6056255837029345,prompts.txt
182,Explain the concept of gravity in simple terms.,1,0.025,100,1,0.06930693069306931,12.319648742675781,2.8520690814195104,prompts.txt
183,Explain the concept of probability in everyday life.,1,0.025,100,1,0.045871559633027525,6.135263919830322,1.3957120879378748,prompts.txt
184,Explain how blockchain technology works.,1,0.025,100,1,0.04807692307692308,8.802127838134766,1.5073783032511863,prompts.txt
185,Explain the concept of artificial intelligence.,1,0.025,100,1,0.038834951456310676,9.827342987060547,0.8993400617545201,prompts.txt
186,Explain the concept of machine learning.,1,0.025,100,1,0.0390625,9.301870346069336,1.019049330730136,prompts.txt
187,Explain the theory of relativity in simple terms.,1,0.025,100,1,0.05825242718446602,8.583152770996094,2.1615717273748993,prompts.txt
188,Explain how a computer processor works.,1,0.025,100,1,0.0390625,8.194714546203613,1.019049330730136,prompts.txt
189,Explain how the internet works.,1,0.025,100,1,0.046296296296296294,8.465154647827148,1.4175671681311408,prompts.txt
190,Explain how recycling helps the environment.,1,0.025,100,1,0.0390625,8.155314445495605,1.019049330730136,prompts.txt
191,Explain the importance of biodiversity.,1,0.025,100,1,0.045871559633027525,11.349736213684082,1.3957120879378748,prompts.txt
192,Explain how climate change affects ecosystems.,1,0.025,100,1,0.03937007874015748,8.584427833557129,1.0372625452240196,prompts.txt
193,Explain the concept of renewable vs non-renewable resources.,1,0.025,100,1,0.0392156862745098,8.609655380249023,0.9195928886986884,prompts.txt
194,Explain the concept of sustainable development.,1,0.025,100,1,0.05511811023622047,8.119017601013184,2.173988622181849,prompts.txt
195,Explain the causes and effects of deforestation.,1,0.025,100,1,0.05063291139240506,10.169995307922363,1.4592818123941722,prompts.txt
196,Explain the environmental impacts of plastic pollution.,1,0.025,100,1,0.047619047619047616,9.999039649963379,1.4845562313052354,prompts.txt
197,Explain the effects of desertification.,1,0.025,100,1,0.0390625,8.75744915008545,1.019049330730136,prompts.txt
198,Explain the effects of urbanization on the environment.,1,0.025,100,1,0.03508771929824561,9.514575004577637,0.6898792816876328,prompts.txt
199,Explain the causes and effects of air pollution.,1,0.025,100,1,0.06060606060606061,6.254317283630371,2.2691813830507575,prompts.txt
200,What are the key principles of good leadership?,1,0.025,100,1,0.04,74.01744079589844,0.48038446141526137,prompts.txt
201,What are the key elements of effective communication?,1,0.025,100,1,0.046875,9.84977912902832,1.585187847802434,prompts.txt
202,What are the pros and cons of social media?,1,0.025,100,1,0.03225806451612903,18.26133155822754,0.448321933248046,prompts.txt
203,What are the pros and cons of space exploration?,1,0.025,100,1,0.0625,19.799728393554688,2.7174648819470297,prompts.txt
204,What are the benefits of teamwork?,1,0.025,100,1,0.0641025641025641,21.29473304748535,2.2119750590963796,prompts.txt
205,What are the benefits and drawbacks of remote work?,1,0.025,100,1,0.0390625,9.800982475280762,1.019049330730136,prompts.txt
206,What are the benefits of renewable energy?,1,0.025,100,1,0.07894736842105263,31.997865676879883,2.1300497672111374,prompts.txt
207,What are the challenges facing renewable energy adoption?,1,0.025,100,1,0.05333333333333334,24.95520782470703,1.5716505559714824,prompts.txt
208,What are the benefits of learning a second language?,1,0.025,100,1,0.06382978723404255,30.62200355529785,1.7050677009147388,prompts.txt
209,What are the benefits of meditation?,1,0.025,100,1,0.0547945205479452,8.438919067382812,1.6305177053178876,prompts.txt
210,What are the benefits of exercise for mental health?,1,0.025,100,1,0.058823529411764705,10.090349197387695,1.9973587385891403,prompts.txt
211,What are the benefits of eating fruits and vegetables?,1,0.025,100,1,0.06741573033707865,7.157953262329102,2.563006103797143,prompts.txt
212,What are the benefits of physical fitness?,1,0.025,100,1,0.07758620689655173,6.138271808624268,3.6276763040453206,prompts.txt
213,What are the key factors that contribute to happiness?,1,0.025,100,1,0.14285714285714285,11.599796295166016,1.997250857807048,prompts.txt
214,What are the main causes of climate change?,1,0.025,100,1,0.06666666666666667,5.966585636138916,2.311250817605121,prompts.txt
215,What are the main causes of deforestation?,1,0.025,100,1,0.058823529411764705,82.0785903930664,0.8932459829877099,prompts.txt
216,What are the main causes of economic inequality?,1,0.025,100,1,0.046875,11.614322662353516,1.585187847802434,prompts.txt
217,What are the main causes of global warming?,1,0.025,100,1,0.04054054054054054,5.874453544616699,0.8562679097074309,prompts.txt
218,What are the impacts of plastic pollution?,1,0.025,100,1,0.047619047619047616,15.39403247833252,1.3278274598477633,prompts.txt
219,What are the impacts of overfishing?,1,0.025,100,1,0.04081632653061224,46.95655822753906,0.7091389668511001,prompts.txt
220,What are the impacts of urbanization?,1,0.025,100,1,0.07142857142857142,19.71565818786621,1.5735915849388862,prompts.txt
221,What are the impacts of renewable energy adoption?,1,0.025,100,1,0.05194805194805195,8.252884864807129,1.5146086273487598,prompts.txt
222,What are the consequences of misinformation?,1,0.025,100,1,0.0390625,8.618888854980469,1.019049330730136,prompts.txt
223,What are the consequences of overpopulation?,1,0.025,100,1,0.04672897196261682,8.07613754272461,1.4396560816241135,prompts.txt
224,What are the consequences of automation?,1,0.025,100,1,0.10526315789473684,30.618703842163086,3.1690984341434,prompts.txt
225,What are the consequences of artificial intelligence misuse?,1,0.025,100,1,0.046875,6.6686296463012695,1.585187847802434,prompts.txt
226,What are the consequences of inequality?,1,0.025,100,1,0.04878048780487805,45.255699157714844,0.9753048303966928,prompts.txt
227,Explain the importance of critical thinking.,1,0.025,100,1,0.05511811023622047,9.775640487670898,2.173988622181849,prompts.txt
228,Explain the concept of democracy.,1,0.025,100,1,0.07920792079207921,6.563072204589844,3.489402954362418,prompts.txt
229,Explain the concept of supply and demand in economics.,1,0.025,100,1,0.08571428571428572,6.6198930740356445,3.984861462977211,prompts.txt
230,Explain the concept of human rights.,1,0.025,100,1,0.07476635514018691,6.576452732086182,3.2972768321068404,prompts.txt
231,Explain the concept of justice.,1,0.025,100,1,0.03125,8.07502269744873,0.4529108136578382,prompts.txt
232,Explain the concept of freedom.,1,0.025,100,1,0.0546875,8.85107421875,2.151326364874732,prompts.txt
233,Explain the concept of sustainability.,1,0.025,100,1,0.047244094488188976,8.047567367553711,1.6056255837029345,prompts.txt
234,Explain the importance of education.,1,0.025,100,1,0.047244094488188976,9.654913902282715,1.6056255837029345,prompts.txt
235,Explain the importance of history.,1,0.025,100,1,0.03937007874015748,8.248435020446777,1.0372625452240196,prompts.txt
236,Explain the importance of ethics in science.,1,0.025,100,1,0.06722689075630252,9.864961624145508,2.9504636822930155,prompts.txt
237,Explain the importance of cultural diversity.,1,0.025,100,1,0.05217391304347826,9.391363143920898,1.866503416973603,prompts.txt
238,Explain the importance of empathy.,1,0.025,100,1,0.05511811023622047,9.22222900390625,2.173988622181849,prompts.txt
239,Write a poem about the ocean.,1,0.025,100,1,0.03125,27.175575256347656,0.4529108136578382,prompts.txt
240,Write a poem about the night sky.,1,0.025,100,1,0.03937007874015748,15.533041954040527,1.0372625452240196,prompts.txt
241,Write a poem about love.,1,0.025,100,1,0.0390625,19.48029136657715,1.019049330730136,prompts.txt
242,Write a poem about friendship.,1,0.025,100,1,0.047244094488188976,32.24055480957031,1.6056255837029345,prompts.txt
243,Write a poem about courage.,1,0.025,100,1,0.0546875,23.97372817993164,2.151326364874732,prompts.txt
244,Write a poem about the changing seasons.,1,0.025,100,1,0.07017543859649122,28.656944274902344,3.0894593919054865,prompts.txt
245,Write a poem about hope and resilience.,1,0.025,100,1,0.03937007874015748,25.333786010742188,1.0372625452240196,prompts.txt
246,Write a poem about the future.,1,0.025,100,1,0.05511811023622047,24.95661163330078,2.173988622181849,prompts.txt
247,Write a poem about the stars.,1,0.025,100,1,0.06299212598425197,23.112873077392578,2.742351660660764,prompts.txt
248,Write a poem about peace.,1,0.025,100,1,0.0546875,6.3639020919799805,2.151326364874732,prompts.txt
249,Write a poem about home.,1,0.025,100,1,0.047244094488188976,17.254484176635742,1.6056255837029345,prompts.txt
250,Write a poem about dreams.,1,0.025,100,1,0.031496062992125984,35.358856201171875,0.4688995067451046,prompts.txt
251,Write a poem about silence.,1,0.025,100,1,0.07142857142857142,28.96472930908203,2.9439202887759492,prompts.txt
252,Write a poem about music.,1,0.025,100,1,0.05128205128205128,45.44955062866211,1.8208739259057425,prompts.txt
253,Write a poem about nature.,1,0.025,100,1,0.03225806451612903,19.707578659057617,0.5176775776887457,prompts.txt
254,Write a poem about time.,1,0.025,100,1,0.0703125,10.428535461425781,3.2836033990193276,prompts.txt
255,Write a poem about childhood.,1,0.025,100,1,0.04132231404958678,10.714037895202637,1.150011286418353,prompts.txt
256,Write a poem about journeys.,1,0.025,100,1,0.046875,15.900932312011719,1.585187847802434,prompts.txt
257,Write a poem about freedom.,1,0.025,100,1,0.0625,9.626924514770508,2.7174648819470297,prompts.txt
258,Write a poem about memory.,1,0.025,100,1,0.041666666666666664,44.18027114868164,1.1694106924093723,prompts.txt
259,Write a story about a boy who discovers an ancient map.,1,0.025,100,1,0.05511811023622047,8.858916282653809,2.173988622181849,prompts.txt
260,Write a story about a girl who can talk to the stars.,1,0.025,100,1,0.045871559633027525,11.4053316116333,1.3957120879378748,prompts.txt
261,Write a story about a soldier who refuses to fight.,1,0.025,100,1,0.04950495049504951,11.532130241394043,1.5774013355336958,prompts.txt
262,Write a story about a kingdom under an eternal eclipse.,1,0.025,100,1,0.046875,9.203398704528809,1.585187847802434,prompts.txt
263,Write a story about a scientist who travels into their own experiment.,1,0.025,100,1,0.0594059405940594,10.59216022491455,2.214735208476603,prompts.txt
264,Write a story about a train that never stops.,1,0.025,100,1,0.0660377358490566,9.386722564697266,2.706225688038762,prompts.txt
265,Write a story about a magical instrument that controls people’s emotions.,1,0.025,100,1,0.03937007874015748,11.065690040588379,1.0372625452240196,prompts.txt
266,Write a story about a lonely vampire searching for a friend.,1,0.025,100,1,0.04807692307692308,10.887500762939453,1.5073783032511863,prompts.txt
267,Write a story about a character who wakes up as someone else.,1,0.025,100,1,0.0625,7.163376331329346,2.7174648819470297,prompts.txt
268,Write a story about a town where no one can lie.,1,0.025,100,1,0.0707070707070707,12.221290588378906,2.9129207824977814,prompts.txt
269,Write a story about a pirate searching for a cursed treasure.,1,0.025,100,1,0.03125,11.3460054397583,0.4529108136578382,prompts.txt
270,Write a story about a magical clock that can turn back time.,1,0.025,100,1,0.06299212598425197,13.174043655395508,2.742351660660764,prompts.txt
271,Write a story about an inventor who builds a machine that predicts the future.,1,0.025,100,1,0.0546875,8.170177459716797,2.151326364874732,prompts.txt
272,Write a story about a painter who can capture souls on canvas.,1,0.025,100,1,0.04854368932038835,10.79853343963623,1.5304558945647098,prompts.txt
273,Write a story about a library where books whisper secrets.,1,0.025,100,1,0.046875,11.733036994934082,1.585187847802434,prompts.txt
274,Write a story about a detective who solves crimes in people’s dreams.,1,0.025,100,1,0.046875,9.98557186126709,1.585187847802434,prompts.txt
275,Write a story about a cat who saves its owner from danger.,1,0.025,100,1,0.07476635514018691,9.684171676635742,3.2972768321068404,prompts.txt
276,Write a story about a prince who wants to escape royalty.,1,0.025,100,1,0.046875,10.98851203918457,1.585187847802434,prompts.txt
277,Write a story about a child who discovers they can breathe underwater.,1,0.025,100,1,0.03937007874015748,9.831888198852539,1.0372625452240196,prompts.txt
278,Write a story about a hidden island that no one remembers after leaving.,1,0.025,100,1,0.037037037037037035,9.521577835083008,0.8012336167697752,prompts.txt
279,Write a story about a magical ring with unpredictable powers.,1,0.025,100,1,0.0546875,11.582746505737305,2.151326364874732,prompts.txt
280,Write a story about two enemies who must work together.,1,0.025,100,1,0.031496062992125984,8.875788688659668,0.4688995067451046,prompts.txt
281,Write a story about a dragon who wants peace with humans.,1,0.025,100,1,0.04310344827586207,10.345239639282227,1.2488721702451102,prompts.txt
282,Write a story about a character lost in a desert of illusions.,1,0.025,100,1,0.04040404040404041,10.358818054199219,0.9817025841567107,prompts.txt
283,Write a story about a haunted carnival.,1,0.025,100,1,0.05511811023622047,6.96305513381958,2.173988622181849,prompts.txt
284,Write a story about a world where everyone wears masks.,1,0.025,100,1,0.03125,9.21093463897705,0.4529108136578382,prompts.txt
285,Write a story about a character who can speak every language.,1,0.025,100,1,0.047244094488188976,7.48916482925415,1.6056255837029345,prompts.txt
286,Write a story about a farmer who grows impossible crops.,1,0.025,100,1,0.0390625,9.501392364501953,1.019049330730136,prompts.txt
287,Write a story about a hero who is secretly the villain.,1,0.025,100,1,0.04950495049504951,14.068511009216309,1.5774013355336958,prompts.txt
288,Write a story about a character trapped in a painting.,1,0.025,100,1,0.046875,9.718704223632812,1.585187847802434,prompts.txt
289,Write a story about a giant who dreams of being small.,1,0.025,100,1,0.046875,11.620790481567383,1.585187847802434,prompts.txt
290,Write a story about a child who can see the future.,1,0.025,100,1,0.031496062992125984,10.612083435058594,0.4688995067451046,prompts.txt
291,Write a story about a princess who saves herself.,1,0.025,100,1,0.045871559633027525,11.189297676086426,1.3957120879378748,prompts.txt
292,Write a story about a knight searching for forgiveness.,1,0.025,100,1,0.031496062992125984,12.328874588012695,0.4688995067451046,prompts.txt
293,Write a story about a village where everyone disappears at night.,1,0.025,100,1,0.04854368932038835,7.637627601623535,1.5304558945647098,prompts.txt
294,Write a story about a bridge that leads to another dimension.,1,0.025,100,1,0.07086614173228346,12.630941390991211,3.310714699139679,prompts.txt
295,Write a story about a cursed ship.,1,0.025,100,1,0.0673076923076923,7.84021520614624,2.763526889293842,prompts.txt
296,Write a story about a scientist who clones themselves.,1,0.025,100,1,0.05102040816326531,13.096025466918945,1.6498893926106966,prompts.txt
297,Write a story about a traveler who never grows old.,1,0.025,100,1,0.03937007874015748,8.786805152893066,1.0372625452240196,prompts.txt
298,Write a story about a mysterious letter that changes everything.,1,0.025,100,1,0.061855670103092786,11.076631546020508,2.324972748611678,prompts.txt
299,Explain how the ozone layer protects life on Earth.,1,0.025,100,1,0.0390625,6.079221725463867,1.019049330730136,prompts.txt
300,Explain the difference between weather and climate.,1,0.025,100,1,0.06666666666666667,15.08713150024414,2.311250817605121,prompts.txt
301,Explain the greenhouse effect.,1,0.025,100,1,0.05511811023622047,6.459187984466553,2.173988622181849,prompts.txt
302,Explain the process of photosynthesis with equations.,1,0.025,100,1,0.050505050505050504,15.888229370117188,1.6254419836037342,prompts.txt
303,Explain the role of mitochondria in cells.,1,0.025,100,1,0.047244094488188976,8.601144790649414,1.6056255837029345,prompts.txt
304,Explain the structure of proteins.,1,0.025,100,1,0.0703125,9.46146297454834,3.2836033990193276,prompts.txt
305,Explain how enzymes work in digestion.,1,0.025,100,1,0.0684931506849315,21.02796745300293,2.380181018107721,prompts.txt
306,Explain how plants adapt to deserts.,1,0.025,100,1,0.05405405405405406,15.588356971740723,1.9606312361264784,prompts.txt
307,Explain how fish breathe underwater.,1,0.025,100,1,0.05063291139240506,21.709148406982422,1.4592818123941722,prompts.txt
308,Explain how birds migrate across continents.,1,0.025,100,1,0.05511811023622047,20.968307495117188,2.173988622181849,prompts.txt
309,Explain the difference between renewable and non-renewable resources.,1,0.025,100,1,0.05504587155963303,6.590607643127441,2.0092119068116663,prompts.txt
310,Explain the concept of entropy in simple terms.,1,0.025,100,1,0.04716981132075472,6.455588340759277,1.4619839923887563,prompts.txt
311,Explain the laws of motion in everyday language.,1,0.025,100,1,0.03937007874015748,7.956592559814453,1.0372625452240196,prompts.txt
312,Explain the concept of inertia.,1,0.025,100,1,0.047619047619047616,11.383101463317871,1.4845562313052354,prompts.txt
313,Explain how black holes form.,1,0.025,100,1,0.047244094488188976,11.891823768615723,1.6056255837029345,prompts.txt
314,Explain the concept of the Big Bang.,1,0.025,100,1,0.05405405405405406,8.555380821228027,1.9606312361264784,prompts.txt
315,Explain how telescopes work.,1,0.025,100,1,0.03937007874015748,8.35506820678711,1.0372625452240196,prompts.txt
316,Explain how satellites stay in orbit.,1,0.025,100,1,0.0425531914893617,36.77521514892578,0.7707840291806353,prompts.txt
317,Explain how space shuttles re-enter Earth safely.,1,0.025,100,1,0.038834951456310676,11.26784610748291,0.8993400617545201,prompts.txt
318,Explain how GPS works.,1,0.025,100,1,0.0594059405940594,7.6320085525512695,2.214735208476603,prompts.txt
319,Explain how sound travels.,1,0.025,100,1,0.035398230088495575,9.859920501708984,0.7079887107308638,prompts.txt
320,Explain how light refracts.,1,0.025,100,1,0.05357142857142857,7.908010005950928,1.9367281045401676,prompts.txt
321,Explain how rainbows form.,1,0.025,100,1,0.050505050505050504,12.701001167297363,1.6254419836037342,prompts.txt
322,Explain how electricity flows in a circuit.,1,0.025,100,1,0.0673076923076923,12.179932594299316,2.763526889293842,prompts.txt
323,Explain how batteries store energy.,1,0.025,100,1,0.056338028169014086,12.44677734375,1.6913306874772627,prompts.txt
324,Explain how magnets work.,1,0.025,100,1,0.06422018348623854,10.381794929504395,2.6227117256854577,prompts.txt
325,Explain how nuclear energy is produced.,1,0.025,100,1,0.04672897196261682,7.448234558105469,1.4396560816241135,prompts.txt
326,Explain the difference between fission and fusion.,1,0.025,100,1,0.05194805194805195,9.013442993164062,1.5146086273487598,prompts.txt
327,Explain how wind turbines generate electricity.,1,0.025,100,1,0.046296296296296294,10.820359230041504,1.4175671681311408,prompts.txt
328,Explain how hydroelectric dams work.,1,0.025,100,1,0.0546875,7.499122142791748,2.151326364874732,prompts.txt
329,Explain how geothermal energy is harnessed.,1,0.025,100,1,0.047619047619047616,10.070013046264648,1.4845562313052354,prompts.txt
330,Explain how tidal energy is used.,1,0.025,100,1,0.045871559633027525,9.524579048156738,1.3957120879378748,prompts.txt
331,Explain how machine learning improves over time.,1,0.025,100,1,0.04716981132075472,8.438637733459473,1.4619839923887563,prompts.txt
332,Explain the difference between supervised and unsupervised learning.,1,0.025,100,1,0.05511811023622047,8.033611297607422,2.173988622181849,prompts.txt
333,Explain how neural networks mimic the brain.,1,0.025,100,1,0.045454545454545456,10.787707328796387,1.3740858372430333,prompts.txt
334,Explain how self-driving cars work.,1,0.025,100,1,0.0703125,8.333236694335938,3.2836033990193276,prompts.txt
335,Explain how facial recognition works.,1,0.025,100,1,0.05714285714285714,7.5341997146606445,2.1096325392232296,prompts.txt
336,Explain the risks of artificial intelligence.,1,0.025,100,1,0.05660377358490566,10.279313087463379,2.084104840213759,prompts.txt
337,Explain the benefits of artificial intelligence.,1,0.025,100,1,0.05511811023622047,12.189042091369629,2.173988622181849,prompts.txt
338,Explain how cybersecurity protects data.,1,0.025,100,1,0.03508771929824561,10.220541000366211,0.6898792816876328,prompts.txt
339,Explain how firewalls work.,1,0.025,100,1,0.0546875,9.467938423156738,2.151326364874732,prompts.txt
340,Explain how computer viruses spread.,1,0.025,100,1,0.06521739130434782,28.06026268005371,1.7471110092045767,prompts.txt
341,Explain how quantum computers differ from classical computers.,1,0.025,100,1,0.07086614173228346,8.579498291015625,3.310714699139679,prompts.txt
342,Explain how blockchain secures transactions.,1,0.025,100,1,0.07692307692307693,11.331151962280273,2.937212783390274,prompts.txt
343,Explain how digital currencies work.,1,0.025,100,1,0.047244094488188976,8.667901992797852,1.6056255837029345,prompts.txt
344,Explain how 3D printing works.,1,0.025,100,1,0.06299212598425197,10.725229263305664,2.742351660660764,prompts.txt
345,Explain how drones are used in different industries.,1,0.025,100,1,0.11009174311926606,8.43356704711914,5.690210820054413,prompts.txt
346,Explain how medical imaging works.,1,0.025,100,1,0.046875,6.27012825012207,1.585187847802434,prompts.txt
347,Explain how CRISPR edits genes.,1,0.025,100,1,0.0761904761904762,12.495903015136719,3.359785155059217,prompts.txt
348,Explain how organ transplants save lives.,1,0.025,100,1,0.0673076923076923,10.300713539123535,2.763526889293842,prompts.txt
349,Explain how vaccines are developed.,1,0.025,100,1,0.06862745098039216,12.338096618652344,2.8221988653166648,prompts.txt
350,Explain how pandemics spread.,1,0.025,100,1,0.044642857142857144,10.42155647277832,1.3315005718713653,prompts.txt
351,Explain how antibiotics lose effectiveness.,1,0.025,100,1,0.038461538461538464,11.263355255126953,0.8793040102298587,prompts.txt
352,Explain how the human genome project changed science.,1,0.025,100,1,0.046875,8.77363109588623,1.585187847802434,prompts.txt
353,Explain how climate models predict the future.,1,0.025,100,1,0.06363636363636363,8.039888381958008,2.595495470347952,prompts.txt
354,Explain how weather forecasts are made.,1,0.025,100,1,0.04672897196261682,7.478525638580322,1.4396560816241135,prompts.txt
355,What are the benefits of public transportation?,1,0.025,100,1,0.046296296296296294,6.891166687011719,1.4175671681311408,prompts.txt
356,What are the drawbacks of fossil fuels?,1,0.025,100,1,0.06481481481481481,6.1124372482299805,2.650234270853872,prompts.txt
357,What are the benefits of clean drinking water projects?,1,0.025,100,1,0.04,30.904367446899414,0.8320502943378436,prompts.txt
358,What are the challenges of space colonization?,1,0.025,100,1,0.031496062992125984,10.289535522460938,0.4688995067451046,prompts.txt
359,What are the benefits of electric vehicles?,1,0.025,100,1,0.075,13.684999465942383,2.0254787341673333,prompts.txt
360,What are the challenges of electric vehicle adoption?,1,0.025,100,1,0.0625,9.314096450805664,2.7174648819470297,prompts.txt
361,What are the pros and cons of nuclear energy?,1,0.025,100,1,0.0390625,8.326481819152832,1.019049330730136,prompts.txt
362,What are the effects of social inequality?,1,0.025,100,1,0.05825242718446602,11.37894344329834,2.1615717273748993,prompts.txt
363,What are the effects of poverty on education?,1,0.025,100,1,0.06481481481481481,7.453453540802002,2.650234270853872,prompts.txt
364,What are the benefits of universal healthcare?,1,0.025,100,1,0.03333333333333333,12.289658546447754,0.41344911529736156,prompts.txt
365,What are the drawbacks of universal healthcare?,1,0.025,100,1,0.03937007874015748,7.78560733795166,1.0372625452240196,prompts.txt
366,What are the effects of globalization?,1,0.025,100,1,0.0390625,2.4828712940216064,1.019049330730136,prompts.txt
367,What are the effects of fast fashion on the environment?,1,0.025,100,1,0.0625,11.544300079345703,2.7174648819470297,prompts.txt
368,What are the benefits of cultural exchange?,1,0.025,100,1,0.06422018348623854,7.455589771270752,2.6227117256854577,prompts.txt
369,What are the challenges of immigration?,1,0.025,100,1,0.05128205128205128,26.543413162231445,1.0512820512820513,prompts.txt
370,What are the pros and cons of social media influencers?,1,0.025,100,1,0.03937007874015748,30.615812301635742,1.0372625452240196,prompts.txt
371,What are the benefits of community service?,1,0.025,100,1,0.04,14.395057678222656,0.9607689228305227,prompts.txt
372,What are the drawbacks of standardized testing?,1,0.025,100,1,0.031496062992125984,8.555307388305664,0.4688995067451046,prompts.txt
373,What are the benefits of creativity in education?,1,0.025,100,1,0.06796116504854369,8.58398723602295,2.792687560185089,prompts.txt
374,What are the effects of technology on relationships?,1,0.025,100,1,0.05454545454545454,9.451665878295898,1.9847906537954927,prompts.txt
375,What are the effects of overwork on health?,1,0.025,100,1,0.047619047619047616,11.307692527770996,1.1499323120707243,prompts.txt
376,What are the benefits of financial literacy?,1,0.025,100,1,0.047244094488188976,7.454345703125,1.6056255837029345,prompts.txt
377,What are the effects of corruption?,1,0.025,100,1,0.0390625,12.238249778747559,1.019049330730136,prompts.txt
378,What are the challenges of democracy?,1,0.025,100,1,0.043478260869565216,23.811647415161133,0.5676134788000511,prompts.txt
379,What are the pros and cons of capitalism?,1,0.025,100,1,0.0390625,15.254637718200684,1.019049330730136,prompts.txt
380,What are the pros and cons of socialism?,1,0.025,100,1,0.05102040816326531,30.60409164428711,1.6498893926106966,prompts.txt
381,What are the benefits of renewable energy subsidies?,1,0.025,100,1,0.05128205128205128,6.379122734069824,1.8208739259057425,prompts.txt
382,What are the effects of global trade?,1,0.025,100,1,0.046511627906976744,35.784629821777344,0.9035146374351831,prompts.txt
383,What are the consequences of climate inaction?,1,0.025,100,1,0.047619047619047616,8.441081047058105,1.4845562313052354,prompts.txt
384,What are the consequences of war on civilians?,1,0.025,100,1,0.047244094488188976,7.2067179679870605,1.6056255837029345,prompts.txt
385,What are the benefits of peace agreements?,1,0.025,100,1,0.041666666666666664,16.621572494506836,0.7396002616336386,prompts.txt
386,What are the challenges of governing the internet?,1,0.025,100,1,0.061224489795918366,47.84446334838867,1.6241569885944551,prompts.txt
387,What are the pros and cons of universal basic income?,1,0.025,100,1,0.05333333333333334,12.220512390136719,1.5716505559714824,prompts.txt
388,What are the effects of social media on politics?,1,0.025,100,1,0.05357142857142857,8.550837516784668,1.9367281045401676,prompts.txt
389,What are the effects of misinformation?,1,0.025,100,1,0.056074766355140186,3.7276618480682373,2.0588629984516893,prompts.txt
390,What are the effects of artificial intelligence on jobs?,1,0.025,100,1,0.04950495049504951,11.214228630065918,1.5774013355336958,prompts.txt
391,What are the pros and cons of remote education?,1,0.025,100,1,0.0425531914893617,29.12051773071289,0.7707840291806353,prompts.txt
392,What are the challenges of space exploration?,1,0.025,100,1,0.031746031746031744,2.5725371837615967,0.48502189151236774,prompts.txt
393,What are the benefits of investing in science research?,1,0.025,100,1,0.16666666666666666,9.653033256530762,2.2226495315660855,prompts.txt
394,What are the challenges of protecting endangered species?,1,0.025,100,1,0.058823529411764705,13.810796737670898,1.5471474261915186,prompts.txt
395,Write a poem about mountains.,1,0.025,100,1,0.046875,29.89136505126953,1.585187847802434,prompts.txt
396,Write a poem about rivers.,1,0.025,100,1,0.03125,16.096179962158203,0.4529108136578382,prompts.txt
397,Write a poem about forests.,1,0.025,100,1,0.078125,44.75309371948242,3.8497419160916255,prompts.txt
398,Write a poem about deserts.,1,0.025,100,1,0.06299212598425197,16.708148956298828,2.742351660660764,prompts.txt
399,Write a poem about rain.,1,0.025,100,1,0.047619047619047616,8.797740936279297,1.6262498715414688,prompts.txt
400,Write a poem about snow.,1,0.025,100,1,0.04065040650406504,20.332422256469727,1.1117467433488055,prompts.txt
401,Write a poem about the wind.,1,0.025,100,1,0.04716981132075472,14.469660758972168,1.4619839923887563,prompts.txt
402,Write a poem about fire.,1,0.025,100,1,0.03937007874015748,20.400611877441406,1.0372625452240196,prompts.txt
403,Write a poem about childhood memories.,1,0.025,100,1,0.04950495049504951,31.570188522338867,1.5774013355336958,prompts.txt
404,Write a poem about dreams of the future.,1,0.025,100,1,0.046875,30.527509689331055,1.585187847802434,prompts.txt
405,Write a poem about lost love.,1,0.025,100,1,0.03125,10.46715259552002,0.4529108136578382,prompts.txt
406,Write a poem about new beginnings.,1,0.025,100,1,0.058823529411764705,17.274982452392578,2.363306730592913,prompts.txt
407,Write a poem about patience.,1,0.025,100,1,0.0390625,10.770041465759277,1.019049330730136,prompts.txt
408,Write a poem about kindness.,1,0.025,100,1,0.0390625,16.17793083190918,1.019049330730136,prompts.txt
409,Write a poem about strength.,1,0.025,100,1,0.0390625,9.168808937072754,1.019049330730136,prompts.txt
410,Write a poem about wisdom.,1,0.025,100,1,0.031496062992125984,12.98424243927002,0.4688995067451046,prompts.txt
411,Write a poem about forgiveness.,1,0.025,100,1,0.03125,8.464847564697266,0.4529108136578382,prompts.txt
412,Write a poem about beauty.,1,0.025,100,1,0.059322033898305086,42.32455825805664,2.388040606862889,prompts.txt
413,Write a poem about faith.,1,0.025,100,1,0.046875,19.82671546936035,1.585187847802434,prompts.txt
414,Write a poem about destiny.,1,0.025,100,1,0.046875,8.054473876953125,1.585187847802434,prompts.txt
415,Write a poem about the stars.,1,0.025,100,1,0.06299212598425197,23.112873077392578,2.742351660660764,prompts.txt
416,Write a poem about the sun.,1,0.025,100,1,0.06666666666666667,22.478254318237305,2.7347088471412233,prompts.txt
417,Write a poem about the moon.,1,0.025,100,1,0.064,8.281658172607422,2.792848008753788,prompts.txt
418,Write a poem about music.,1,0.025,100,1,0.05128205128205128,45.44955062866211,1.8208739259057425,prompts.txt
419,Write a poem about silence.,1,0.025,100,1,0.07142857142857142,28.96472930908203,2.9439202887759492,prompts.txt
420,Write a poem about journeys.,1,0.025,100,1,0.046875,15.900932312011719,1.585187847802434,prompts.txt
421,Write a poem about discovery.,1,0.025,100,1,0.0546875,18.564592361450195,2.151326364874732,prompts.txt
422,Write a poem about peace.,1,0.025,100,1,0.0546875,6.3639020919799805,2.151326364874732,prompts.txt
423,Write a poem about change.,1,0.025,100,1,0.0390625,7.025564670562744,1.019049330730136,prompts.txt
424,Write a poem about unity.,1,0.025,100,1,0.046875,12.899896621704102,1.585187847802434,prompts.txt
425,Write a story about a character who wakes up in a city where no one speaks.,1,0.025,100,1,0.06542056074766354,6.552535057067871,2.6780699152792646,prompts.txt
426,Write a story about a mirror that shows alternate lives.,1,0.025,100,1,0.0703125,11.355230331420898,3.2836033990193276,prompts.txt
427,Write a story about a girl who befriends a phoenix.,1,0.025,100,1,0.046875,10.299570083618164,1.585187847802434,prompts.txt
428,Write a story about a prince cursed to live as a commoner.,1,0.025,100,1,0.05660377358490566,8.977093696594238,2.084104840213759,prompts.txt
429,Write a story about a character who can enter people’s dreams.,1,0.025,100,1,0.047244094488188976,10.466636657714844,1.6056255837029345,prompts.txt
430,Write a story about a kingdom built on floating islands.,1,0.025,100,1,0.07086614173228346,7.028283596038818,3.310714699139679,prompts.txt
431,Write a story about a boy who finds a portal inside his school.,1,0.025,100,1,0.03937007874015748,8.580513000488281,1.0372625452240196,prompts.txt
432,Write a story about a traveler who collects forgotten memories.,1,0.025,100,1,0.046875,9.179632186889648,1.585187847802434,prompts.txt
433,Write a story about a queen who rules over shadows.,1,0.025,100,1,0.0546875,10.778621673583984,2.151326364874732,prompts.txt
434,Write a story about a storm that never ends.,1,0.025,100,1,0.047244094488188976,8.321197509765625,1.6056255837029345,prompts.txt
435,Write a story about a village where people age backwards.,1,0.025,100,1,0.049586776859504134,5.303956508636475,1.732295482073215,prompts.txt
436,Write a story about a machine that can bottle emotions.,1,0.025,100,1,0.0625,11.30732250213623,2.7174648819470297,prompts.txt
437,Write a story about a warrior who refuses to fight.,1,0.025,100,1,0.08108108108108109,8.62174129486084,3.784474246476691,prompts.txt
438,Write a story about a painter who can see the future.,1,0.025,100,1,0.05511811023622047,8.160155296325684,2.173988622181849,prompts.txt
439,Write a story about a cursed crown.,1,0.025,100,1,0.04950495049504951,12.883031845092773,1.5774013355336958,prompts.txt
440,Write a story about a child raised by wolves.,1,0.025,100,1,0.03773584905660377,9.998162269592285,0.8398631445637535,prompts.txt
441,Write a story about a spaceship searching for a new home.,1,0.025,100,1,0.03937007874015748,11.939844131469727,1.0372625452240196,prompts.txt
442,Write a story about a town where everyone has the same dream.,1,0.025,100,1,0.03937007874015748,9.308331489562988,1.0372625452240196,prompts.txt
443,Write a story about a mysterious figure who appears in every photograph.,1,0.025,100,1,0.05511811023622047,8.15748119354248,2.173988622181849,prompts.txt
444,Write a story about a door that only opens at midnight.,1,0.025,100,1,0.046875,11.848184585571289,1.585187847802434,prompts.txt
445,Explain the difference between mass and weight.,1,0.025,100,1,0.04807692307692308,9.442289352416992,1.5073783032511863,prompts.txt
446,Explain how ecosystems maintain balance.,1,0.025,100,1,0.06060606060606061,22.22330665588379,2.2691813830507575,prompts.txt
447,Explain the role of bees in pollination.,1,0.025,100,1,0.047244094488188976,8.757737159729004,1.6056255837029345,prompts.txt
448,Explain how coral reefs support biodiversity.,1,0.025,100,1,0.047244094488188976,8.654766082763672,1.6056255837029345,prompts.txt
449,Explain how deserts are formed.,1,0.025,100,1,0.09433962264150944,11.02967357635498,4.5725882315137705,prompts.txt
450,Explain how glaciers shape landscapes.,1,0.025,100,1,0.06862745098039216,18.71233558654785,2.8221988653166648,prompts.txt
451,Explain how tsunamis occur.,1,0.025,100,1,0.04854368932038835,11.919187545776367,1.5304558945647098,prompts.txt
452,Explain how tornadoes form.,1,0.025,100,1,0.0761904761904762,8.785648345947266,3.359785155059217,prompts.txt
453,Explain how lightning strikes.,1,0.025,100,1,0.05660377358490566,10.904891967773438,2.084104840213759,prompts.txt
454,Explain how photosynthesis helps the food chain.,1,0.025,100,1,0.058823529411764705,9.981901168823242,2.1879968731106727,prompts.txt
455,Explain the difference between acids and bases.,1,0.025,100,1,0.09433962264150944,11.960609436035156,4.5725882315137705,prompts.txt
456,Explain the periodic table in simple terms.,1,0.025,100,1,0.04854368932038835,14.628726959228516,1.5304558945647098,prompts.txt
457,Explain how chemical reactions work.,1,0.025,100,1,0.0546875,9.561549186706543,2.151326364874732,prompts.txt
458,Explain how plants adapt to cold climates.,1,0.025,100,1,0.029411764705882353,11.126778602600098,0.2853908964926963,prompts.txt
459,Explain how whales communicate.,1,0.025,100,1,0.0660377358490566,11.101994514465332,2.706225688038762,prompts.txt
460,Explain how octopuses use camouflage.,1,0.025,100,1,0.04716981132075472,8.620006561279297,1.4619839923887563,prompts.txt
461,Explain how seeds disperse.,1,0.025,100,1,0.06542056074766354,11.08984661102295,2.6780699152792646,prompts.txt
462,Explain how fungi recycle nutrients.,1,0.025,100,1,0.046875,10.690703392028809,1.585187847802434,prompts.txt
463,Explain how soil is formed.,1,0.025,100,1,0.047619047619047616,11.651167869567871,1.3278274598477633,prompts.txt
464,Explain how water is purified naturally.,1,0.025,100,1,0.0392156862745098,11.931998252868652,0.9195928886986884,prompts.txt
465,What are the benefits of community gardens?,1,0.025,100,1,0.06140350877192982,11.963431358337402,2.4895643643510232,prompts.txt
466,What are the drawbacks of over-reliance on technology?,1,0.025,100,1,0.041666666666666664,30.09135627746582,0.5229763603684906,prompts.txt
467,What are the effects of poverty on health?,1,0.025,100,1,0.07692307692307693,8.432109832763672,3.172552404200197,prompts.txt
468,What are the benefits of renewable agriculture?,1,0.025,100,1,0.09302325581395349,32.949066162109375,2.8570597994572,prompts.txt
469,What are the drawbacks of genetic engineering?,1,0.025,100,1,0.04424778761061947,6.232334613800049,1.310532294331599,prompts.txt
470,What are the benefits of space telescopes?,1,0.025,100,1,0.0546875,3.3699440956115723,2.151326364874732,prompts.txt
471,What are the effects of urban pollution on children?,1,0.025,100,1,0.05714285714285714,11.4628267288208,1.7225077552896437,prompts.txt
472,What are the benefits of banning single-use plastics?,1,0.025,100,1,0.05714285714285714,25.118322372436523,1.2179969144117253,prompts.txt
473,What are the drawbacks of mass surveillance?,1,0.025,100,1,0.08571428571428572,11.122232437133789,3.984861462977211,prompts.txt
474,What are the pros and cons of automation in jobs?,1,0.025,100,1,0.08108108108108109,23.072145462036133,2.1849672249445242,prompts.txt
475,What are the benefits of volunteering?,1,0.025,100,1,0.047619047619047616,7.392330169677734,1.4845562313052354,prompts.txt
476,What are the drawbacks of fast food culture?,1,0.025,100,1,0.04081632653061224,18.02054786682129,1.0028739445280705,prompts.txt
477,What are the effects of global migration?,1,0.025,100,1,0.05825242718446602,11.387906074523926,2.1615717273748993,prompts.txt
478,What are the benefits of space exploration for Earth?,1,0.025,100,1,0.03773584905660377,7.541866302490234,0.8398631445637535,prompts.txt
479,What are the challenges of world peace?,1,0.025,100,1,0.05405405405405406,19.963703155517578,1.6008487007573708,prompts.txt
480,What are the pros and cons of privatized healthcare?,1,0.025,100,1,0.0625,8.677847862243652,2.7174648819470297,prompts.txt
481,What are the benefits of equal access to education?,1,0.025,100,1,0.2222222222222222,81.58665466308594,3.7896996400537284,prompts.txt
482,What are the drawbacks of political polarization?,1,0.025,100,1,0.0390625,7.636677265167236,1.019049330730136,prompts.txt
483,What are the benefits of open-source software?,1,0.025,100,1,0.07692307692307693,8.44222354888916,3.3916011823151697,prompts.txt
484,What are the effects of cultural traditions on identity?,1,0.025,100,1,0.0625,9.060857772827148,2.7174648819470297,prompts.txt
485,Write a poem about autumn leaves.,1,0.025,100,1,0.047244094488188976,37.38121795654297,1.6056255837029345,prompts.txt
486,Write a poem about spring flowers.,1,0.025,100,1,0.03389830508474576,30.870065689086914,0.6191216388163044,prompts.txt
487,Write a poem about summer heat.,1,0.025,100,1,0.0380952380952381,11.16305923461914,0.8594799233872417,prompts.txt
488,Write a poem about winter snow.,1,0.025,100,1,0.04918032786885246,25.309751510620117,1.7106839803242562,prompts.txt
489,Write a poem about the horizon.,1,0.025,100,1,0.072,29.134824752807617,3.3657399079853345,prompts.txt
490,Write a poem about the ocean waves.,1,0.025,100,1,0.046296296296296294,15.169620513916016,1.4175671681311408,prompts.txt
491,Write a poem about the forest at night.,1,0.025,100,1,0.07272727272727272,13.891426086425781,3.2062002869004114,prompts.txt
492,Write a poem about the desert wind.,1,0.025,100,1,0.0546875,18.708213806152344,2.151326364874732,prompts.txt
493,Write a poem about the sunrise.,1,0.025,100,1,0.04201680672268908,23.76017189025879,1.1889928271927075,prompts.txt
494,Write a poem about the sunset.,1,0.025,100,1,0.042735042735042736,28.443065643310547,1.2287198036599725,prompts.txt
495,Write a poem about silence in the mountains.,1,0.025,100,1,0.0625,20.424171447753906,2.7174648819470297,prompts.txt
496,Write a poem about city lights.,1,0.025,100,1,0.0546875,22.700716018676758,2.151326364874732,prompts.txt
497,Write a poem about loneliness.,1,0.025,100,1,0.05785123966942149,14.780550956726074,2.3145796777280774,prompts.txt
498,Write a poem about joy.,1,0.025,100,1,0.047244094488188976,5.0114054679870605,1.6056255837029345,prompts.txt
499,Write a poem about sorrow.,1,0.025,100,1,0.03125,20.80855941772461,0.4529108136578382,prompts.txt
500,Write a poem about patience.,1,0.025,100,1,0.0390625,10.770041465759277,1.019049330730136,prompts.txt
