Prompt,steps=0,steps=256
P1: What is the capital of France?...,1.3564,1.0105
P2: Explain the concept of machine learning in simple ...,0.9675,1.0052
P3: Write a short story about a robot learning to pain...,0.8685,1.0020
"P4: Question: If John has 5 apples and buys 3 more, ho...",1.0265,1.0586
P5: Describe the water cycle in nature....,0.9745,0.9564
P6: What are the main differences between Python and J...,1.0443,1.0748
P7: Tell me about the history of the Internet....,1.0617,0.9987
P8: How does photosynthesis work in plants?...,0.9914,1.0580
P9: Question: A train travels 60 miles in 1 hour. How ...,0.9826,0.9419
P10: Explain what DNA is and why it's important....,1.0352,0.9538
