file,avg_perplexity,avg_style,avg_consistency,avg_accuracy,avg_ethics,average_gpt_score,average_binomial_z_score
glo_gamma=0.1_delta=0.5_tend=10_sampled_100.json,10.27704526901245,8.45,8.89,7.41,8.7,8.3625,0.28135564999858365
glo_gamma=0.1_delta=0.5_tend=160_sampled_100.json,9.9979287815094,8.3,8.75,7.41,8.69,8.2875,0.9248786131684595
glo_gamma=0.1_delta=0.5_tend=20_sampled_100.json,11.095251359939574,8.51,8.97,7.45,8.84,8.4425,0.542506547014306
glo_gamma=0.1_delta=0.5_tend=300_sampled_100.json,11.14919617652893,8.44,8.83,7.37,8.82,8.365,1.0137816277676173
glo_gamma=0.1_delta=0.5_tend=40_sampled_100.json,10.116161894798278,8.39,8.79,7.64,8.75,8.3925,0.8908306182585238
glo_gamma=0.1_delta=0.5_tend=5_sampled_100.json,9.714506299495698,8.33,8.67,7.26,8.61,8.2175,0.1284295466420952
glo_gamma=0.1_delta=0.5_tend=80_sampled_100.json,10.519883630275727,8.31,8.74,7.23,8.58,8.215,0.9903022351132398
glo_gamma=0.1_delta=1_tend=10_sampled_100.json,11.940148656368256,8.47,8.84,7.71,8.84,8.465,0.4362457516019502
glo_gamma=0.1_delta=1_tend=160_sampled_100.json,10.8445716881752,8.47,8.95,7.41,8.65,8.37,1.4930122709471052
glo_gamma=0.1_delta=1_tend=20_sampled_100.json,10.562285187244415,8.4,8.81,7.36,8.98,8.3875,0.6580600650172005
glo_gamma=0.1_delta=1_tend=300_sampled_100.json,10.92409958600998,8.32,8.76,7.3,8.65,8.2575,1.362108282246718
glo_gamma=0.1_delta=1_tend=40_sampled_100.json,10.737887833118439,8.36,8.7,7.49,8.55,8.275,1.393899163872243
glo_gamma=0.1_delta=1_tend=5_sampled_100.json,10.19269377708435,8.43,8.97,7.4,8.74,8.385,0.2934258970939945
glo_gamma=0.1_delta=1_tend=80_sampled_100.json,10.685824313163756,8.38,8.73,7.45,8.88,8.36,1.4400352924296944
glo_gamma=0.1_delta=2_tend=10_sampled_100.json,10.460580968856812,8.42,8.94,7.36,8.86,8.395,0.5674148658151799
glo_gamma=0.1_delta=2_tend=160_sampled_100.json,11.386730227470398,8.33,8.69,7.34,8.79,8.2875,2.167474228594901
glo_gamma=0.1_delta=2_tend=20_sampled_100.json,11.01262200832367,8.42,8.75,7.25,8.68,8.275,1.0993715302677816
glo_gamma=0.1_delta=2_tend=300_sampled_100.json,12.661441289186477,8.857142857142858,9.392857142857142,8.0,9.071428571428571,2.4725,2.302234526782755
glo_gamma=0.1_delta=2_tend=40_sampled_100.json,11.66935905456543,8.295454545454545,8.75,7.5,8.795454545454545,3.6675,2.3529846432666885
glo_gamma=0.1_delta=2_tend=5_sampled_100.json,10.413875703811646,8.55,9.02,7.49,8.8,8.465,0.2645609644702558
glo_gamma=0.1_delta=2_tend=80_sampled_100.json,11.499917059233695,8.44,8.9,7.49,8.87,8.425,2.3679486058178436
glo_gamma=0.1_delta=4_tend=10_sampled_100.json,10.64275027513504,8.41,8.78,7.53,8.95,8.4175,0.8385534891322719
glo_gamma=0.1_delta=4_tend=160_sampled_100.json,12.121832346916198,8.3,8.67,7.16,8.57,8.175,3.9046907654491276
glo_gamma=0.1_delta=4_tend=20_sampled_100.json,11.459036993980408,8.43,8.75,7.74,8.97,8.4725,2.028937689252798
glo_gamma=0.1_delta=4_tend=300_sampled_100.json,13.217046463489533,8.35,8.58,7.45,8.86,8.31,4.222981569598998
glo_gamma=0.1_delta=4_tend=40_sampled_100.json,12.7116592335701,8.47,8.84,7.16,8.7,8.2925,4.179722560298017
glo_gamma=0.1_delta=4_tend=5_sampled_100.json,10.472243604660035,8.5,8.82,7.24,8.74,8.325,0.48439358030878865
glo_gamma=0.1_delta=4_tend=80_sampled_100.json,12.64700133085251,8.38,8.71,7.49,8.86,8.36,4.049908238613632
glo_gamma=0.1_delta=8_tend=10_sampled_100.json,10.634439859390259,8.45,8.72,7.36,8.68,8.3025,2.0111324990285997
glo_gamma=0.1_delta=8_tend=160_sampled_100.json,18.150237609148025,7.09,7.22,5.95,7.58,6.96,8.371970562293383
glo_gamma=0.1_delta=8_tend=20_sampled_100.json,11.14560735464096,7.96,8.22,6.68,8.26,7.78,4.516291279134615
glo_gamma=0.1_delta=8_tend=300_sampled_100.json,15.273861159086227,6.84,6.81,5.93,7.83,6.8525,8.260666444294728
glo_gamma=0.1_delta=8_tend=40_sampled_100.json,15.44608769416809,7.15,7.2,6.07,8.03,7.1125,8.457232751870889
glo_gamma=0.1_delta=8_tend=5_sampled_100.json,10.844336574077607,8.47,8.88,7.41,8.69,8.3625,1.1952912166458638
glo_gamma=0.1_delta=8_tend=80_sampled_100.json,20.100346944332124,7.25,7.23,5.99,8.02,7.1225,8.702169049227415
glo_gamma=0.25_delta=0.5_tend=10_sampled_100.json,11.149254305362701,8.55,8.98,7.57,8.8,8.475,0.4442334791034186
glo_gamma=0.25_delta=0.5_tend=160_sampled_100.json,10.322944464683532,8.42,8.72,7.27,8.47,8.22,1.334638693252935
glo_gamma=0.25_delta=0.5_tend=20_sampled_100.json,10.4356396818161,8.36,8.84,7.59,8.8,8.3975,0.7649248243858642
glo_gamma=0.25_delta=0.5_tend=300_sampled_100.json,10.728731845617295,8.26,8.69,7.22,8.69,8.215,1.4206715681113016
glo_gamma=0.25_delta=0.5_tend=40_sampled_100.json,10.717570884227753,8.41,8.71,7.33,8.68,8.2825,1.2861879962199367
glo_gamma=0.25_delta=0.5_tend=5_sampled_100.json,10.154164338111878,8.51,9.06,7.58,9.17,8.58,0.308475826593086
glo_gamma=0.25_delta=0.5_tend=80_sampled_100.json,10.849272384643555,8.38,8.71,7.41,8.66,8.29,1.2103377086004723
glo_gamma=0.25_delta=1_tend=10_sampled_100.json,11.21392228603363,8.49,8.73,7.54,8.77,8.3825,0.6661423003330923
glo_gamma=0.25_delta=1_tend=160_sampled_100.json,10.749437689781189,8.47,8.87,7.58,8.75,8.4175,1.7540608887340434
glo_gamma=0.25_delta=1_tend=20_sampled_100.json,10.958283030986786,8.34,8.75,7.39,8.69,8.2925,1.0819234970408298
glo_gamma=0.25_delta=1_tend=300_sampled_100.json,11.496188787221909,8.44,8.82,7.51,8.9,8.4175,1.7958545196493398
glo_gamma=0.25_delta=1_tend=40_sampled_100.json,14.419632143974304,8.34,8.63,7.37,8.73,8.2675,1.8024297937148037
glo_gamma=0.25_delta=1_tend=5_sampled_100.json,10.766644167900086,8.36,8.69,7.48,8.69,8.305,0.5336898399655469
glo_gamma=0.25_delta=1_tend=80_sampled_100.json,10.74951963186264,8.49,8.9,7.45,8.82,8.415,1.8712390363274005
glo_gamma=0.25_delta=2_tend=10_sampled_100.json,9.895817005634308,8.35,8.75,7.17,8.5,8.1925,0.781185950190969
glo_gamma=0.25_delta=2_tend=160_sampled_100.json,12.012494480609893,8.33,8.56,7.11,8.42,8.105,2.497567828886213
glo_gamma=0.25_delta=2_tend=20_sampled_100.json,11.578723614215852,8.43,8.91,7.36,8.76,8.365,1.3733779481039932
glo_gamma=0.25_delta=2_tend=300_sampled_100.json,11.513490836620331,8.4,8.76,7.31,8.51,8.245,2.7200050330074608
glo_gamma=0.25_delta=2_tend=40_sampled_100.json,11.695932133197784,8.48,8.91,7.41,8.82,8.405,2.739038856237388
glo_gamma=0.25_delta=2_tend=5_sampled_100.json,10.142107353210449,8.54,8.99,7.46,8.84,8.4575,0.4349192457541702
glo_gamma=0.25_delta=2_tend=80_sampled_100.json,13.150184400153883,8.5,8.9,7.68,8.95,8.5075,2.4417715862375213
glo_gamma=0.25_delta=4_tend=10_sampled_100.json,10.475545701980591,8.39,8.77,7.33,8.59,8.27,1.1008376211458941
glo_gamma=0.25_delta=4_tend=160_sampled_100.json,12.54761147737503,8.18,8.48,6.82,8.49,7.9925,4.1543761526732474
glo_gamma=0.25_delta=4_tend=20_sampled_100.json,11.46165353536606,8.56,8.9,7.55,8.78,8.4475,2.4214864507087848
glo_gamma=0.25_delta=4_tend=300_sampled_100.json,13.15633572101593,8.45,8.72,7.0,8.48,8.1625,4.385779228482642
glo_gamma=0.25_delta=4_tend=40_sampled_100.json,13.800884203910828,8.43,8.72,7.01,8.46,8.155,4.352988492295419
glo_gamma=0.25_delta=4_tend=5_sampled_100.json,10.133852276802063,8.64,9.15,7.57,8.82,8.545,0.7314105448719104
glo_gamma=0.25_delta=4_tend=80_sampled_100.json,12.705166263580322,8.14,8.49,6.92,8.44,7.9975,4.409617669504232
glo_gamma=0.25_delta=8_tend=10_sampled_100.json,10.879579327106477,8.44,8.75,7.27,8.76,8.305,1.7738829653224015
glo_gamma=0.25_delta=8_tend=160_sampled_100.json,16.266756130456926,7.26,7.25,6.26,8.16,7.2325,8.031622174096709
glo_gamma=0.25_delta=8_tend=20_sampled_100.json,12.362229984998702,8.14,8.41,7.15,8.51,8.0525,4.38550070509778
glo_gamma=0.25_delta=8_tend=300_sampled_100.json,16.994020961523056,7.16,7.2,6.04,7.81,7.0525,8.334357517418654
glo_gamma=0.25_delta=8_tend=40_sampled_100.json,17.425052947998047,7.17,7.23,6.15,7.95,7.125,8.31170461476687
glo_gamma=0.25_delta=8_tend=5_sampled_100.json,11.047212898731232,8.55,8.93,7.91,8.78,8.5425,1.0050627926943527
glo_gamma=0.25_delta=8_tend=80_sampled_100.json,15.147975773811341,6.96,6.91,5.78,7.56,6.8025,8.406525025322486
glo_gamma=0.5_delta=0.5_tend=10_sampled_100.json,9.854298822879791,8.44,8.8,7.32,8.55,8.2775,-0.26911107961043756
glo_gamma=0.5_delta=0.5_tend=160_sampled_100.json,9.956875598430633,8.37,8.78,7.51,8.97,8.4075,0.44840997751315936
glo_gamma=0.5_delta=0.5_tend=20_sampled_100.json,9.573631331920623,8.36,8.93,7.2,8.48,8.2425,-0.10335463537665779
glo_gamma=0.5_delta=0.5_tend=300_sampled_100.json,11.46027281999588,8.51,9.05,7.52,8.77,8.4625,0.31631237847313065
glo_gamma=0.5_delta=0.5_tend=40_sampled_100.json,10.480879833698273,8.42,8.81,7.48,8.94,8.4125,0.4026789524761076
glo_gamma=0.5_delta=0.5_tend=5_sampled_100.json,9.400318155288696,8.46,8.76,7.66,8.91,8.4475,-0.47348198415254644
glo_gamma=0.5_delta=0.5_tend=80_sampled_100.json,10.213120703697205,8.44,8.86,7.51,8.77,8.395,0.5543752923269125
glo_gamma=0.5_delta=1_tend=10_sampled_100.json,10.58706665277481,8.53,8.99,7.67,8.9,8.5225,-0.20442997297722126
glo_gamma=0.5_delta=1_tend=160_sampled_100.json,10.815047159194947,8.43,8.71,7.42,8.55,8.2775,0.9229972753702093
glo_gamma=0.5_delta=1_tend=20_sampled_100.json,10.774137258529663,8.28,8.82,7.5,8.76,8.34,0.16810138426285637
glo_gamma=0.5_delta=1_tend=300_sampled_100.json,10.01397049665451,8.33,8.76,7.47,8.8,8.34,1.0924431433544104
glo_gamma=0.5_delta=1_tend=40_sampled_100.json,10.592549831867219,8.47,8.89,7.47,8.95,8.445,0.9481716434524406
glo_gamma=0.5_delta=1_tend=5_sampled_100.json,9.748646552562713,8.23,8.57,7.33,8.75,8.22,-0.38014167592198755
glo_gamma=0.5_delta=1_tend=80_sampled_100.json,12.229309029579163,8.44,8.79,7.51,8.82,8.39,1.094868263675923
glo_gamma=0.5_delta=2_tend=10_sampled_100.json,10.625471634864807,8.42,8.92,7.54,9.04,8.48,0.07461629679095144
glo_gamma=0.5_delta=2_tend=160_sampled_100.json,11.578708493709565,8.46,8.86,7.44,8.89,8.4125,1.7575338451057985
glo_gamma=0.5_delta=2_tend=20_sampled_100.json,11.290028502941132,8.54,8.82,7.43,8.71,8.375,0.5977083308895301
glo_gamma=0.5_delta=2_tend=300_sampled_100.json,11.434240992069244,8.51,8.98,7.49,8.82,8.45,1.8739740969934817
glo_gamma=0.5_delta=2_tend=40_sampled_100.json,11.312174098491669,8.35,8.65,7.33,8.92,8.3125,1.8359732950445746
glo_gamma=0.5_delta=2_tend=5_sampled_100.json,10.933079507350921,8.57,8.96,7.57,8.82,8.48,-0.31866863960226555
glo_gamma=0.5_delta=2_tend=80_sampled_100.json,10.844152188301086,8.44,8.91,7.6,9.06,8.5025,1.7877807394240943
glo_gamma=0.5_delta=4_tend=10_sampled_100.json,10.264340381622315,8.51,9.01,7.62,8.91,8.5125,0.26151886396786
glo_gamma=0.5_delta=4_tend=160_sampled_100.json,13.007783653736114,8.27,8.72,7.47,8.76,8.305,3.0173045681201955
glo_gamma=0.5_delta=4_tend=20_sampled_100.json,11.272911727428436,8.28,8.61,7.32,8.81,8.255,1.4280204636460225
glo_gamma=0.5_delta=4_tend=300_sampled_100.json,11.73250833749771,8.37,8.58,7.12,8.65,8.18,3.0496819754378337
glo_gamma=0.5_delta=4_tend=40_sampled_100.json,11.873110294342041,8.16,8.44,7.3,8.79,8.1725,3.1632504977196283
glo_gamma=0.5_delta=4_tend=5_sampled_100.json,9.677180817127228,8.55,8.93,7.4,8.58,8.365,-0.12059013508023605
glo_gamma=0.5_delta=4_tend=80_sampled_100.json,11.05813547849655,8.32,8.73,7.45,8.75,8.3125,3.3946727597971122
glo_gamma=0.5_delta=8_tend=10_sampled_100.json,10.686704156398774,8.4,8.69,7.5,8.95,8.385,0.8528007838252962
glo_gamma=0.5_delta=8_tend=160_sampled_100.json,12.394188199043274,7.78,8.02,6.84,8.6,7.81,5.719850936451133
glo_gamma=0.5_delta=8_tend=20_sampled_100.json,11.434710218906403,8.51,8.92,7.72,8.76,8.4775,2.896871939465713
glo_gamma=0.5_delta=8_tend=300_sampled_100.json,12.775775462388992,7.53,7.71,6.57,8.34,7.5375,5.539255135225189
glo_gamma=0.5_delta=8_tend=40_sampled_100.json,14.72981902718544,7.64,7.73,6.63,8.17,7.5425,5.6420120552144795
glo_gamma=0.5_delta=8_tend=5_sampled_100.json,10.576760396957397,8.45,8.86,7.4,8.76,8.3675,0.028607871944805057
glo_gamma=0.5_delta=8_tend=80_sampled_100.json,13.031122052669526,7.72,7.8,6.65,8.32,7.6225,5.598385644747548
glo_gamma=0.75_delta=0.5_tend=10_sampled_100.json,10.380561199188232,8.28,8.63,7.35,8.73,8.2475,-0.13861365623932526
glo_gamma=0.75_delta=0.5_tend=160_sampled_100.json,10.873913435935973,8.34,8.77,7.31,8.82,8.31,0.5061947022397846
glo_gamma=0.75_delta=0.5_tend=20_sampled_100.json,11.245727059841157,8.26,8.66,7.29,8.56,8.1925,0.0653942635557978
glo_gamma=0.75_delta=0.5_tend=300_sampled_100.json,10.084998381137847,8.26,8.56,7.33,8.9,8.2625,0.6188266669730833
glo_gamma=0.75_delta=0.5_tend=40_sampled_100.json,9.53262716770172,8.49,8.88,7.42,8.88,8.4175,0.5285592154191899
glo_gamma=0.75_delta=0.5_tend=5_sampled_100.json,9.95899320602417,8.35,8.59,7.32,8.75,8.2525,-0.38711929903633285
glo_gamma=0.75_delta=0.5_tend=80_sampled_100.json,10.382797310352325,8.46,8.9,7.4,8.82,8.395,0.5911845561480551
glo_gamma=0.75_delta=1_tend=10_sampled_100.json,10.031010541915894,8.16,8.61,7.44,8.82,8.2575,-0.08244632238514503
glo_gamma=0.75_delta=1_tend=160_sampled_100.json,10.722426569461822,8.24,8.63,7.4,8.64,8.2275,0.865694860988004
glo_gamma=0.75_delta=1_tend=20_sampled_100.json,10.646546041965484,8.42,8.74,7.32,8.62,8.275,0.33897820370734516
glo_gamma=0.75_delta=1_tend=300_sampled_100.json,11.438333797454835,8.51,8.83,7.51,8.84,8.4225,0.862807438384
glo_gamma=0.75_delta=1_tend=40_sampled_100.json,10.875667488574981,8.41,8.68,7.36,8.63,8.27,0.9240601168543082
glo_gamma=0.75_delta=1_tend=5_sampled_100.json,10.440819163322448,8.3,8.6,7.31,8.52,8.1825,-0.3105407487295755
glo_gamma=0.75_delta=1_tend=80_sampled_100.json,11.234557554721832,8.39,8.69,7.35,8.58,8.2525,0.9551353334971964
glo_gamma=0.75_delta=2_tend=10_sampled_100.json,10.457079818248749,8.46,8.93,7.52,8.88,8.4475,0.03959392952159042
glo_gamma=0.75_delta=2_tend=160_sampled_100.json,11.084572180509568,8.26,8.68,7.38,8.54,8.215,1.4411848539450585
glo_gamma=0.75_delta=2_tend=20_sampled_100.json,11.007216744422912,8.3,8.8,7.38,8.84,8.33,0.6892176477635167
glo_gamma=0.75_delta=2_tend=300_sampled_100.json,11.319054906368256,8.37,8.88,7.27,8.7,8.305,1.418448878574055
glo_gamma=0.75_delta=2_tend=40_sampled_100.json,11.054233334064484,8.48,8.98,7.64,9.03,8.5325,1.4676349156701127
glo_gamma=0.75_delta=2_tend=5_sampled_100.json,10.346680476665497,8.4,8.76,7.36,8.76,8.32,-0.17841349089656958
glo_gamma=0.75_delta=2_tend=80_sampled_100.json,12.624864013195038,8.29,8.72,7.38,8.71,8.275,1.5196786596753034
glo_gamma=0.75_delta=4_tend=10_sampled_100.json,12.106497468948364,8.44,8.93,7.51,8.9,8.445,0.17550798723769692
glo_gamma=0.75_delta=4_tend=160_sampled_100.json,12.953065195468941,8.3,8.68,7.24,8.79,8.2525,2.1812521223712085
glo_gamma=0.75_delta=4_tend=20_sampled_100.json,11.820475897789002,8.41,8.9,7.77,8.97,8.5125,0.8887385530311923
glo_gamma=0.75_delta=4_tend=300_sampled_100.json,13.29927805185318,8.32,8.81,7.42,8.72,8.3175,2.212465523043849
glo_gamma=0.75_delta=4_tend=40_sampled_100.json,12.293274855613708,8.3,8.63,7.35,8.54,8.205,2.173846225724104
glo_gamma=0.75_delta=4_tend=5_sampled_100.json,10.951629951000214,8.5,8.85,7.4,8.75,8.375,-0.14924150998841668
glo_gamma=0.75_delta=4_tend=80_sampled_100.json,12.890271472930909,8.19,8.6,7.27,8.56,8.155,2.187683497717902
glo_gamma=0.75_delta=8_tend=10_sampled_100.json,10.467600457668304,8.52,9.0,7.5,8.91,8.4825,0.3128723190792423
glo_gamma=0.75_delta=8_tend=160_sampled_100.json,14.843636454957904,8.09,8.37,6.9,8.19,7.8875,2.950801762209388
glo_gamma=0.75_delta=8_tend=20_sampled_100.json,12.149040626757072,8.46,8.91,7.6,8.69,8.415,1.1187512071911485
glo_gamma=0.75_delta=8_tend=300_sampled_100.json,13.824400020368172,8.43,8.77,7.46,8.88,8.385,3.0955843298527257
glo_gamma=0.75_delta=8_tend=40_sampled_100.json,15.605427623999239,8.07,8.38,7.05,8.34,7.96,2.8216421931492204
glo_gamma=0.75_delta=8_tend=5_sampled_100.json,10.538635942935944,8.48,8.93,7.61,8.74,8.44,-0.15522834454398737
glo_gamma=0.75_delta=8_tend=80_sampled_100.json,13.617087334093421,8.18,8.53,7.24,8.78,8.1825,3.038789928087777
glo_gamma=0.9_delta=0.5_tend=10_sampled_100.json,10.50379312992096,8.47,8.81,7.6,8.97,8.4625,0.024669606853981795
glo_gamma=0.9_delta=0.5_tend=160_sampled_100.json,9.998632407188415,8.38,8.77,7.66,8.87,8.42,0.6483838407003052
glo_gamma=0.9_delta=0.5_tend=20_sampled_100.json,9.911496608257293,8.62,9.11,7.68,8.82,8.5575,0.17996117953399163
glo_gamma=0.9_delta=0.5_tend=300_sampled_100.json,9.81827208995819,8.32,8.73,7.22,8.75,8.255,0.48187869189062815
glo_gamma=0.9_delta=0.5_tend=40_sampled_100.json,9.872088208198548,8.22,8.72,7.41,8.63,8.245,0.6155200074933451
glo_gamma=0.9_delta=0.5_tend=5_sampled_100.json,10.294903931617737,8.45,8.93,7.39,8.6,8.3425,-0.04789941838734016
glo_gamma=0.9_delta=0.5_tend=80_sampled_100.json,10.101488859653474,8.46,8.88,7.72,8.87,8.4825,0.6189039520399163
glo_gamma=0.9_delta=1_tend=10_sampled_100.json,9.627096574306488,8.4,8.79,7.41,8.74,8.335,0.1389825096491105
glo_gamma=0.9_delta=1_tend=160_sampled_100.json,10.722394541501998,8.45,8.95,7.48,8.61,8.3725,0.8073807274790527
glo_gamma=0.9_delta=1_tend=20_sampled_100.json,10.036518139839172,8.6,9.09,7.82,8.99,8.625,0.39208717947993527
glo_gamma=0.9_delta=1_tend=300_sampled_100.json,10.66302529335022,8.46,9.0,7.45,8.68,8.3975,0.8046772152763579
glo_gamma=0.9_delta=1_tend=40_sampled_100.json,10.082995920181274,8.3,8.81,7.45,8.94,8.375,0.8330044242558308
glo_gamma=0.9_delta=1_tend=5_sampled_100.json,10.00927437543869,8.41,8.67,7.45,8.81,8.335,-0.09662340116011287
glo_gamma=0.9_delta=1_tend=80_sampled_100.json,11.140681467056275,8.28,8.62,7.43,8.88,8.3025,0.8015017101945222
glo_gamma=0.9_delta=2_tend=10_sampled_100.json,10.045425951480865,8.46,9.0,7.33,8.58,8.3425,0.17859979985868105
glo_gamma=0.9_delta=2_tend=160_sampled_100.json,10.568917527198792,8.2,8.54,7.03,8.57,8.085,1.2182351772016076
glo_gamma=0.9_delta=2_tend=20_sampled_100.json,10.041192569732665,8.51,9.08,7.63,8.64,8.465,0.46732548812076485
glo_gamma=0.9_delta=2_tend=300_sampled_100.json,10.155273289680482,8.31,8.72,7.19,8.69,8.2275,1.162528274368878
glo_gamma=0.9_delta=2_tend=40_sampled_100.json,10.046407361030578,8.45,8.86,7.34,8.68,8.3325,1.2217552572566461
glo_gamma=0.9_delta=2_tend=5_sampled_100.json,10.228140687942505,8.39,8.83,7.7,8.85,8.4425,-0.05529139629868623
glo_gamma=0.9_delta=2_tend=80_sampled_100.json,10.637645285129548,8.35,8.64,7.37,8.95,8.3275,1.1665828803794052
glo_gamma=0.9_delta=4_tend=10_sampled_100.json,9.88282799243927,8.28,8.67,7.32,8.78,8.2625,0.20754860490027446
glo_gamma=0.9_delta=4_tend=160_sampled_100.json,11.00308854341507,8.21,8.66,7.26,8.72,8.2125,1.4531135010681897
glo_gamma=0.9_delta=4_tend=20_sampled_100.json,9.852097165584563,8.45,8.91,7.35,8.62,8.3325,0.6020759381875166
glo_gamma=0.9_delta=4_tend=300_sampled_100.json,10.588727133274078,8.32,8.9,7.6,9.09,8.4775,1.488863282202064
glo_gamma=0.9_delta=4_tend=40_sampled_100.json,10.615154521465302,8.27,8.65,7.35,8.77,8.26,1.5381089223941786
glo_gamma=0.9_delta=4_tend=5_sampled_100.json,10.647195456027985,8.48,8.87,7.48,8.84,8.4175,0.03381387957874162
glo_gamma=0.9_delta=4_tend=80_sampled_100.json,10.183305134773255,8.5,8.92,7.41,8.88,8.4275,1.5530445485016853
glo_gamma=0.9_delta=8_tend=10_sampled_100.json,10.656098375320434,8.59,9.07,7.72,8.91,8.5725,0.2286588079093638
glo_gamma=0.9_delta=8_tend=160_sampled_100.json,10.972060670852661,8.29,8.73,7.34,8.69,8.2625,1.97735805044782
glo_gamma=0.9_delta=8_tend=20_sampled_100.json,10.443638620376587,8.23,8.67,7.35,8.67,8.23,0.7968331846651818
glo_gamma=0.9_delta=8_tend=300_sampled_100.json,11.608849596977233,8.25,8.63,7.27,8.67,8.205,1.9366351983294345
glo_gamma=0.9_delta=8_tend=40_sampled_100.json,10.873249428272247,8.52,8.98,7.55,8.7,8.4375,2.036137494725359
glo_gamma=0.9_delta=8_tend=5_sampled_100.json,10.329561562538148,8.36,8.81,7.5,8.76,8.3575,0.03908313418341587
glo_gamma=0.9_delta=8_tend=80_sampled_100.json,10.987468526363372,8.14,8.5,7.41,8.72,8.1925,1.8571636802843157
